{"spot_diameter_fullres": 130.11722718215185, "tissue_hires_scalef": 0.11343013, "fiducial_diameter_fullres": 210.18936698655298, "tissue_lowres_scalef": 0.034029037}